gamepads/720-med/720-med.cfg
gamepads/arcade-anim/6-button-fighter.cfg
gamepads/arcade-anim/neogeo.cfg
gamepads/arcade-minimal/arcade-minimal.cfg
gamepads/arcade/arcade.cfg
gamepads/dual-shock/dual-shock.cfg
gamepads/dual-shock/psx-black.cfg
gamepads/example/example.cfg
gamepads/flat/arcade.cfg
gamepads/flat/atari7800.cfg
gamepads/flat/cave_story.cfg
gamepads/flat/cps.cfg
gamepads/flat/gameboy.cfg
gamepads/flat/gba.cfg
gamepads/flat/genesis.cfg
gamepads/flat/genesis_and_sms.cfg
gamepads/flat/neogeo.cfg
gamepads/flat/neogeo_pocket.cfg
gamepads/flat/nes.cfg
gamepads/flat/nintendo64.cfg
gamepads/flat/pc-fx.cfg
gamepads/flat/pokemini.cfg
gamepads/flat/psp.cfg
gamepads/flat/psx-fast.cfg
gamepads/flat/psx.cfg
gamepads/flat/retropad-fast.cfg
gamepads/flat/retropad.cfg
gamepads/flat/sms.cfg
gamepads/flat/snes.cfg
gamepads/flat/turbografx-16.cfg
gamepads/flat/turbografx-16_6-button.cfg
gamepads/flat/virtualboy.cfg
gamepads/flat/wonderswan.cfg
gamepads/gameboy/gameboy.cfg
gamepads/gb_anim_portrait/gb_big.cfg
gamepads/gba-anim_landscape/gba-control-purple.cfg
gamepads/gba-grey/gba-grey.cfg
gamepads/gba/gba.cfg
gamepads/genesis/genesis.cfg
gamepads/n64/n64.cfg
gamepads/nes/nes.cfg
gamepads/psx/box-psx-diagonals.cfg
gamepads/psx/psx.cfg
gamepads/retropad/retropad.cfg
gamepads/scummvm/scummvm_mousemode.cfg
gamepads/snes/snes.cfg
keyboards/US-101/US-101.cfg
keyboards/modular-keyboard/clear/big.cfg
keyboards/modular-keyboard/clear/small.cfg
keyboards/modular-keyboard/opaque/big.cfg
keyboards/modular-keyboard/opaque/small.cfg
keyboards/qwerty/qwerty.cfg
